dataset,model,eval_metrics/MSE[mean],eval_metrics/MSE[0.5],eval_metrics/MAE[0.5],eval_metrics/MASE[0.5],eval_metrics/MAPE[0.5],eval_metrics/sMAPE[0.5],eval_metrics/MSIS,eval_metrics/RMSE[mean],eval_metrics/NRMSE[mean],eval_metrics/ND[0.5],eval_metrics/mean_weighted_sum_quantile_loss,domain,num_variates
bizitobs_l2c/H/short,tabpfn-ts-2000cntx,63.79658048115079,63.79658048115079,5.023868621341766,0.49504949651129954,0.448390164821268,0.6204103742327008,4.0099411825793085,7.987276161567896,0.43053464087629106,0.27079938504022616,0.2158188529876364,Web/CloudOps,7
bizitobs_l2c/H/medium,tabpfn-ts-2000cntx,94.81533668154762,94.81533668154762,5.737363978794643,0.5709995040242384,0.6170306563803635,0.8222382318405878,4.2439883815081965,9.737316708495602,0.5896093168341597,0.3474061034714627,0.27669164050160816,Web/CloudOps,7
bizitobs_l2c/H/long,tabpfn-ts-2000cntx,87.98552827380952,87.98552827380952,5.653265671502976,0.598818060046185,0.7130758570186557,0.8433440677703373,4.996494906253774,9.38006014233435,0.572961146014509,0.3453177835449075,0.2788346204156875,Web/CloudOps,7
