dataset,model,eval_metrics/MSE[mean],eval_metrics/MSE[0.5],eval_metrics/MAE[0.5],eval_metrics/MASE[0.5],eval_metrics/MAPE[0.5],eval_metrics/sMAPE[0.5],eval_metrics/MSIS,eval_metrics/RMSE[mean],eval_metrics/NRMSE[mean],eval_metrics/ND[0.5],eval_metrics/mean_weighted_sum_quantile_loss,domain,num_variates
bizitobs_l2c/H/short,tabpfn-ts-1000cntx-run2-fixed,63.1771492125496,63.1771492125496,4.767426505921379,0.48372836903377175,0.48167686553881894,0.6334332662915426,4.160879876063575,7.948405450941062,0.4284394100238943,0.2569764982594591,0.21226090794483804,Web/CloudOps,7
bizitobs_l2c/H/medium,tabpfn-ts-1000cntx-run2-fixed,84.32659970238095,84.32659970238095,5.466854422433036,0.5608491996886311,0.6097650236206297,0.8012224469866072,4.736352530817342,9.182951579006662,0.5560416662113268,0.33102633895334627,0.26918177488557066,Web/CloudOps,7
bizitobs_l2c/H/long,tabpfn-ts-1000cntx-run2-fixed,100.70956101190477,100.70956101190477,6.149409799727183,0.6624120663462036,0.8024670645028926,0.8278909350198412,5.7058697492598025,10.035415338285944,0.6129921328548067,0.3756236988569778,0.30990350273803,Web/CloudOps,7
