dataset,model,eval_metrics/MSE[mean],eval_metrics/MSE[0.5],eval_metrics/MAE[0.5],eval_metrics/MASE[0.5],eval_metrics/MAPE[0.5],eval_metrics/sMAPE[0.5],eval_metrics/MSIS,eval_metrics/RMSE[mean],eval_metrics/NRMSE[mean],eval_metrics/ND[0.5],eval_metrics/mean_weighted_sum_quantile_loss,domain,num_variates
bizitobs_application/10S/short,tabpfn-ts-1000cntx-run2,6158151.111111111,6158151.111111111,1016.2001388888889,3.3133517722501744,0.04688391791449653,0.04748965793185764,21.74171407445372,2481.562231964194,0.09570393619913763,0.039190777488904135,0.028694687810173227,Web/CloudOps,2
bizitobs_application/10S/medium,tabpfn-ts-1000cntx-run2,10002594.133333333,10002594.133333333,1623.1717708333333,4.961005328336247,0.0666274897257487,0.06816770553588868,37.51188883010378,3162.68780206541,0.12418944164072723,0.06373717816065776,0.051864965838854866,Web/CloudOps,2
bizitobs_application/10S/long,tabpfn-ts-1000cntx-run2,11814736.782222223,11814736.782222223,1994.736388888889,5.208112293506319,0.0718914540608724,0.07362844679090712,44.823342220495235,3437.257159745576,0.1325612695418658,0.07692900933023022,0.06383991128419884,Web/CloudOps,2
