dataset,model,eval_metrics/MSE[mean],eval_metrics/MSE[0.5],eval_metrics/MAE[0.5],eval_metrics/MASE[0.5],eval_metrics/MAPE[0.5],eval_metrics/sMAPE[0.5],eval_metrics/MSIS,eval_metrics/RMSE[mean],eval_metrics/NRMSE[mean],eval_metrics/ND[0.5],eval_metrics/mean_weighted_sum_quantile_loss,domain,num_variates
sz_taxi/15T/short,tabpfn-ts-500cntx-run3-fixed,17.565630306108822,17.565630306108822,2.817545684702667,0.5628073915455908,744124470375.4321,0.4093879028991029,4.166450958317959,4.191137113732838,0.39188925580825695,0.26345257900676705,0.20799012094708974,Transport,1
sz_taxi/15T/medium,tabpfn-ts-500cntx-run3-fixed,16.955179954594016,16.955179954594016,2.823482154780983,0.5506709789147993,11980030515049.463,0.4188368577223558,4.034295186841412,4.117666809565098,0.38321761923795805,0.26277213756163725,0.20771096386273952,Transport,1
sz_taxi/15T/long,tabpfn-ts-500cntx-run3-fixed,16.159287637998574,16.159287637998574,2.7618267700543093,0.5208986983175189,6733377505584.574,0.4094226108996617,3.8000387667444753,4.019861644136347,0.3720712043880433,0.25562974639790664,0.20201534868339366,Transport,1
