dataset,model,eval_metrics/MSE[mean],eval_metrics/MSE[0.5],eval_metrics/MAE[0.5],eval_metrics/MASE[0.5],eval_metrics/MAPE[0.5],eval_metrics/sMAPE[0.5],eval_metrics/MSIS,eval_metrics/RMSE[mean],eval_metrics/NRMSE[mean],eval_metrics/ND[0.5],eval_metrics/mean_weighted_sum_quantile_loss,domain,num_variates
bizitobs_service/10S/short,tabpfn-ts-paper,25331.046303375933,25331.046303375933,33.10655413916502,0.8651835908780733,0.058188104773916366,0.04973926659701196,10.048990550800207,159.15730050291734,0.11790882139857908,0.024526394747727238,0.01909751593717337,Web/CloudOps,2
bizitobs_service/10S/medium,tabpfn-ts-paper,96778.62768835464,96778.62768835464,59.9666049649117,1.1862924485800483,0.07010564929233415,0.0681649745798007,17.443429098542246,311.0926352203707,0.2341356481989372,0.045132280016218884,0.040148634545232265,Web/CloudOps,2
bizitobs_service/10S/long,tabpfn-ts-paper,130448.28395393034,130448.28395393034,75.55770923420393,1.3448033025369848,0.07702272033183306,0.07521204683940584,22.38652501636113,361.17625053971966,0.267570912914328,0.05597556651994748,0.051600135067473914,Web/CloudOps,2
