dataset,model,eval_metrics/MSE[mean],eval_metrics/MSE[0.5],eval_metrics/MAE[0.5],eval_metrics/MASE[0.5],eval_metrics/MAPE[0.5],eval_metrics/sMAPE[0.5],eval_metrics/MSIS,eval_metrics/RMSE[mean],eval_metrics/NRMSE[mean],eval_metrics/ND[0.5],eval_metrics/mean_weighted_sum_quantile_loss,domain,num_variates
bizitobs_application/10S/short,tabpfn-ts-2000cntx-run4,1886447.7866666666,1886447.7866666666,586.1538194444445,1.6929797845572039,0.02448310004340278,0.024751502143012152,16.12672133739182,1373.480173379531,0.05296964033009661,0.02260560989219688,0.019182927457956054,Web/CloudOps,2
bizitobs_application/10S/medium,tabpfn-ts-2000cntx-run4,4355111.253333333,4355111.253333333,1149.9398958333334,2.828614694336051,0.03918184280395508,0.04017630894978841,22.54187776918282,2086.890330931008,0.08194604121042305,0.04515475523403689,0.03570376698874329,Web/CloudOps,2
bizitobs_application/10S/long,tabpfn-ts-2000cntx-run4,5873339.164444445,5873339.164444445,1460.95375,3.646158137281159,0.050469284057617185,0.051950704786512585,49.00898312618698,2423.497300275873,0.09346460387608407,0.05634314653846984,0.049973321631270974,Web/CloudOps,2
