dataset,model,eval_metrics/MSE[mean],eval_metrics/MSE[0.5],eval_metrics/MAE[0.5],eval_metrics/MASE[0.5],eval_metrics/MAPE[0.5],eval_metrics/sMAPE[0.5],eval_metrics/MSIS,eval_metrics/RMSE[mean],eval_metrics/NRMSE[mean],eval_metrics/ND[0.5],eval_metrics/mean_weighted_sum_quantile_loss,domain,num_variates
bizitobs_application/10S/short,tabpfn-ts-5000cntx-run4,713071.2177777778,713071.2177777778,428.6069444444444,1.1862255848709682,0.016879711151123047,0.01709414905971951,8.370403929836126,844.4354432268804,0.03256649974033049,0.016529656656303553,0.014094723469655016,Web/CloudOps,2
bizitobs_application/10S/medium,tabpfn-ts-5000cntx-run4,4601995.52,4601995.52,1190.8180208333333,2.5815896381956667,0.03695650736490885,0.03776938756306966,23.050808295255294,2145.226216509578,0.08423671974432348,0.04675991889127633,0.04061870684598868,Web/CloudOps,2
bizitobs_application/10S/long,tabpfn-ts-5000cntx-run4,5747234.702222222,5747234.702222222,1461.3718055555555,3.19999336214181,0.04584529452853733,0.046874754163953994,24.10655401250539,2397.3390878685104,0.09245578618089527,0.05635926927023181,0.047584401591284374,Web/CloudOps,2
