dataset,model,eval_metrics/MSE[mean],eval_metrics/MSE[0.5],eval_metrics/MAE[0.5],eval_metrics/MASE[0.5],eval_metrics/MAPE[0.5],eval_metrics/sMAPE[0.5],eval_metrics/MSIS,eval_metrics/RMSE[mean],eval_metrics/NRMSE[mean],eval_metrics/ND[0.5],eval_metrics/mean_weighted_sum_quantile_loss,domain,num_variates
bizitobs_application/10S/short,tabpfn-ts-3000cntx-run2-fixed,1495072.4266666668,1495072.4266666668,540.3158680555556,1.4485560981545167,0.020844379001193576,0.020995826721191407,11.605805762679058,1222.7315431715447,0.047155868222470226,0.020837823326655416,0.01615582027033936,Web/CloudOps,2
bizitobs_application/10S/medium,tabpfn-ts-3000cntx-run2-fixed,4387290.453333333,4387290.453333333,1174.6392708333333,2.511693738687794,0.03630535125732422,0.03702460606892904,18.72623660766771,2094.5859861398226,0.08224822694080658,0.04612462699568272,0.03755685697438424,Web/CloudOps,2
bizitobs_application/10S/long,tabpfn-ts-3000cntx-run2-fixed,5624387.697777778,5624387.697777778,1425.2647222222222,3.373162061902659,0.0470383792453342,0.04813343471950955,49.203031357111726,2371.5791569706835,0.09146232861155255,0.05496676339020191,0.04941183919277065,Web/CloudOps,2
