dataset,model,eval_metrics/MSE[mean],eval_metrics/MSE[0.5],eval_metrics/MAE[0.5],eval_metrics/MASE[0.5],eval_metrics/MAPE[0.5],eval_metrics/sMAPE[0.5],eval_metrics/MSIS,eval_metrics/RMSE[mean],eval_metrics/NRMSE[mean],eval_metrics/ND[0.5],eval_metrics/mean_weighted_sum_quantile_loss,domain,num_variates
bizitobs_l2c/H/short,tabpfn-ts-1000cntx,63.02752201140873,63.02752201140873,4.759332566034226,0.4830906743336928,0.4815047376161571,0.6337563650948661,4.153487479926122,7.938987467644015,0.4279317566043114,0.2565402141706033,0.21184414614146221,Web/CloudOps,7
bizitobs_l2c/H/medium,tabpfn-ts-1000cntx,84.32659970238095,84.32659970238095,5.466854422433036,0.5608491996886311,0.6097650236206297,0.8012224469866072,4.736352530817342,9.182951579006662,0.5560416662113268,0.33102633895334627,0.26918177488557066,Web/CloudOps,7
bizitobs_l2c/H/long,tabpfn-ts-1000cntx,100.70956101190477,100.70956101190477,6.149409799727183,0.6624120663462036,0.8024670645028926,0.8278909350198412,5.7058697492598025,10.035415338285944,0.6129921328548067,0.3756236988569778,0.30990350273803,Web/CloudOps,7
