dataset,model,eval_metrics/MSE[mean],eval_metrics/MSE[0.5],eval_metrics/MAE[0.5],eval_metrics/MASE[0.5],eval_metrics/MAPE[0.5],eval_metrics/sMAPE[0.5],eval_metrics/MSIS,eval_metrics/RMSE[mean],eval_metrics/NRMSE[mean],eval_metrics/ND[0.5],eval_metrics/mean_weighted_sum_quantile_loss,domain,num_variates
m_dense/H/short,tabpfn-ts-5000cntx-run4,61683.80375,61683.80375,104.55795627170139,0.9117630778088618,0.30435992494203684,0.2378556103176541,9.870188157676086,248.3622430040444,0.44053278205704743,0.1854597816698799,0.15098255129498986,Transport,1
m_dense/H/medium,tabpfn-ts-5000cntx-run4,60468.54666666667,60468.54666666667,108.93391927083333,0.9551285813566751,0.2903433579051547,0.24167122734917534,8.010142298839753,245.903531220409,0.42784107771325625,0.1895312571928371,0.14973670502612874,Transport,1
m_dense/H/long,tabpfn-ts-5000cntx-run4,56880.10271604938,56880.10271604938,106.38549382716049,0.9347998357160221,0.2856221421812595,0.23688940731095678,7.4900898225090335,238.49549831401302,0.41287096362708925,0.18416901645049938,0.145269772324657,Transport,1
