dataset,model,eval_metrics/MSE[mean],eval_metrics/MSE[0.5],eval_metrics/MAE[0.5],eval_metrics/MASE[0.5],eval_metrics/MAPE[0.5],eval_metrics/sMAPE[0.5],eval_metrics/MSIS,eval_metrics/RMSE[mean],eval_metrics/NRMSE[mean],eval_metrics/ND[0.5],eval_metrics/mean_weighted_sum_quantile_loss,domain,num_variates
bizitobs_service/10S/short,tabpfn-ts-200cntx-run4,65648.6168105347,65648.6168105347,71.04279759518882,3.234866752835567,0.5208221113708259,0.13461826070422142,42.85014253829622,256.21986029684484,0.1898158717887767,0.05263077789606629,0.0416597085769138,Web/CloudOps,2
bizitobs_service/10S/medium,tabpfn-ts-200cntx-run4,133718.14805406373,133718.14805406373,104.81753459441639,3.8866212315641677,0.6173178419994129,0.16255778260250162,34.9716748270869,365.674921281271,0.2752155629259313,0.07888814657246247,0.06353523899761415,Web/CloudOps,2
bizitobs_service/10S/long,tabpfn-ts-200cntx-run4,145009.5521876259,145009.5521876259,97.02358790805258,2.791020900214523,0.28688634759587794,0.14960097184984647,43.04209800999576,380.8011977234655,0.2821097011818386,0.07187817568842668,0.06698846034601477,Web/CloudOps,2
