dataset,model,eval_metrics/MSE[mean],eval_metrics/MSE[0.5],eval_metrics/MAE[0.5],eval_metrics/MASE[0.5],eval_metrics/MAPE[0.5],eval_metrics/sMAPE[0.5],eval_metrics/MSIS,eval_metrics/RMSE[mean],eval_metrics/NRMSE[mean],eval_metrics/ND[0.5],eval_metrics/mean_weighted_sum_quantile_loss,domain,num_variates
sz_taxi/15T/short,tabpfn-ts-300cntx,18.028574737437044,18.028574737437044,2.8677815866994334,0.5731324107219896,1330348912537.2424,0.41754044193924567,4.250534494539309,4.2460069167910035,0.39701981720562884,0.26814985082444687,0.21155716845146205,Transport,1
sz_taxi/15T/medium,tabpfn-ts-300cntx,17.721174712873932,17.721174712873932,2.894256122295673,0.5650135119680953,12263377732704.273,0.4242440248147035,4.210568046567144,4.209652564389837,0.3917784289386988,0.26935883643489283,0.21355754093219237,Transport,1
sz_taxi/15T/long,tabpfn-ts-300cntx,16.925841346153845,16.925841346153845,2.839469540153134,0.5362189063032324,7560518650655.362,0.4193175573973914,3.9650933035972113,4.1141027388914155,0.3807939915714066,0.2628162223366576,0.20814250178742622,Transport,1
