dataset,model,eval_metrics/MSE[mean],eval_metrics/MSE[0.5],eval_metrics/MAE[0.5],eval_metrics/MASE[0.5],eval_metrics/MAPE[0.5],eval_metrics/sMAPE[0.5],eval_metrics/MSIS,eval_metrics/RMSE[mean],eval_metrics/NRMSE[mean],eval_metrics/ND[0.5],eval_metrics/mean_weighted_sum_quantile_loss,domain,num_variates
m_dense/H/short,tabpfn-ts-3000cntx-run2,67953.72805555556,67953.72805555556,108.03924370659722,0.9227516581635419,0.30113872338950604,0.24167398664686415,9.797985166119517,260.6793587063532,0.4623802786073515,0.19163471881123084,0.1563231976035793,Transport,1
m_dense/H/medium,tabpfn-ts-3000cntx-run2,76688.66444444444,76688.66444444444,120.7075390625,0.9788195158803298,0.30710560818115895,0.24883022732204862,8.191965380931286,276.9271825669059,0.48181831163426275,0.21001586819152093,0.16521929666372018,Transport,1
m_dense/H/long,tabpfn-ts-3000cntx-run2,64572.93432098765,64572.93432098765,111.59611111111111,0.9220070056872556,0.3070190168910028,0.2347831368152006,8.114693511086788,254.112050719732,0.4399055243876154,0.19318936523831653,0.15406313196614388,Transport,1
