dataset,model,eval_metrics/MSE[mean],eval_metrics/MSE[0.5],eval_metrics/MAE[0.5],eval_metrics/MASE[0.5],eval_metrics/MAPE[0.5],eval_metrics/sMAPE[0.5],eval_metrics/MSIS,eval_metrics/RMSE[mean],eval_metrics/NRMSE[mean],eval_metrics/ND[0.5],eval_metrics/mean_weighted_sum_quantile_loss,domain,num_variates
bizitobs_l2c/H/short,tabpfn-ts-500cntx-run2,75.46378968253968,75.46378968253968,5.421332465277778,0.5501833349789667,0.49511689476543763,0.661971924796937,4.176126938378991,8.686989678970482,0.4682509914615791,0.292223704150874,0.23367965885383551,Web/CloudOps,7
bizitobs_l2c/H/medium,tabpfn-ts-500cntx-run2,104.20654761904763,104.20654761904763,6.407855515252976,0.6779931067399018,0.7623778423904947,0.8719366164434523,6.3992540642271285,10.208160834305444,0.6181196438231038,0.38800538442217564,0.32507071329978593,Web/CloudOps,7
bizitobs_l2c/H/long,tabpfn-ts-500cntx-run2,99.83298611111111,99.83298611111111,6.030200970362103,0.6558695350800983,0.8182929758596594,0.816338142516121,6.374147665802761,9.991645815935987,0.6103185641030505,0.3683420795014897,0.31274807233808016,Web/CloudOps,7
