dataset,model,eval_metrics/MSE[mean],eval_metrics/MSE[0.5],eval_metrics/MAE[0.5],eval_metrics/MASE[0.5],eval_metrics/MAPE[0.5],eval_metrics/sMAPE[0.5],eval_metrics/MSIS,eval_metrics/RMSE[mean],eval_metrics/NRMSE[mean],eval_metrics/ND[0.5],eval_metrics/mean_weighted_sum_quantile_loss,domain,num_variates
bizitobs_application/10S/short,tabpfn-ts-6000cntx-run2-fixed,698704.7111111111,698704.7111111111,429.68524305555553,1.1754390461514206,0.01681618160671658,0.016986615922715928,7.763946164291401,835.885584940374,0.0322367658809802,0.01657124232365138,0.013527365691044098,Web/CloudOps,2
bizitobs_application/10S/medium,tabpfn-ts-6000cntx-run2-fixed,4254253.653333333,4254253.653333333,1139.949375,2.470738404456735,0.035038235982259115,0.0358729362487793,14.522713817970008,2062.5842172704934,0.08099161166414154,0.04476245688477161,0.03588629255789484,Web/CloudOps,2
bizitobs_application/10S/long,tabpfn-ts-6000cntx-run2-fixed,4531757.511111111,4531757.511111111,1293.5777777777778,3.074851312138805,0.043151016235351565,0.044011175367567275,15.939310416014676,2128.7925007175104,0.08209901772586733,0.04988812431073983,0.03800191976397701,Web/CloudOps,2
