dataset,model,eval_metrics/MSE[mean],eval_metrics/MSE[0.5],eval_metrics/MAE[0.5],eval_metrics/MASE[0.5],eval_metrics/MAPE[0.5],eval_metrics/sMAPE[0.5],eval_metrics/MSIS,eval_metrics/RMSE[mean],eval_metrics/NRMSE[mean],eval_metrics/ND[0.5],eval_metrics/mean_weighted_sum_quantile_loss,domain,num_variates
sz_taxi/15T/short,tabpfn-ts-2000cntx-run4,17.19087884364984,17.19087884364984,2.78249757834261,0.5557703069248645,1019423630884.5629,0.40274539011302013,4.240725011150694,4.146188471795493,0.3876863654325877,0.26017543107621455,0.20646921215127062,Transport,1
sz_taxi/15T/medium,tabpfn-ts-2000cntx-run4,16.778580729166666,16.778580729166666,2.815592552250267,0.5488802778669607,10411621224384.984,0.41306968754173345,4.987313745380613,4.096166589528149,0.38121666493138023,0.2620378783710851,0.21412223251568896,Transport,1
sz_taxi/15T/long,tabpfn-ts-2000cntx-run4,17.356316773504272,17.356316773504272,2.9335626585870727,0.5543387636322797,6299985899881.755,0.42521644005408654,6.332139842137182,4.166091306429117,0.3856059604028159,0.27152531309638794,0.23497331097083837,Transport,1
