dataset,model,eval_metrics/MSE[mean],eval_metrics/MSE[0.5],eval_metrics/MAE[0.5],eval_metrics/MASE[0.5],eval_metrics/MAPE[0.5],eval_metrics/sMAPE[0.5],eval_metrics/MSIS,eval_metrics/RMSE[mean],eval_metrics/NRMSE[mean],eval_metrics/ND[0.5],eval_metrics/mean_weighted_sum_quantile_loss,domain,num_variates
bizitobs_service/10S/short,tabpfn-ts-500cntx,49839.836663439084,49839.836663439084,69.4052036823088,2.783191435626539,0.3928113767667191,0.11842696107388653,23.452110507642864,223.2483743802832,0.1653895399026665,0.05141759592083147,0.040308982883302834,Web/CloudOps,2
bizitobs_service/10S/medium,tabpfn-ts-500cntx,231665.40224381408,231665.40224381408,152.25065169504236,5.260785042892579,0.6695315435094733,0.19481100173086235,28.45285161898236,481.3163224365179,0.3622500065376781,0.11458742826900307,0.08979065587674907,Web/CloudOps,2
bizitobs_service/10S/long,tabpfn-ts-500cntx,188759.48241400355,188759.48241400355,128.17353021634318,3.266789325228181,0.1357606677917713,0.13452052143288667,38.5634591897119,434.46459281971823,0.32186525984476216,0.09495504878903317,0.08134358399914142,Web/CloudOps,2
