dataset,model,eval_metrics/MSE[mean],eval_metrics/MSE[0.5],eval_metrics/MAE[0.5],eval_metrics/MASE[0.5],eval_metrics/MAPE[0.5],eval_metrics/sMAPE[0.5],eval_metrics/MSIS,eval_metrics/RMSE[mean],eval_metrics/NRMSE[mean],eval_metrics/ND[0.5],eval_metrics/mean_weighted_sum_quantile_loss,domain,num_variates
bizitobs_service/10S/short,tabpfn-ts-300cntx-run3-fixed,56520.799171680825,56520.799171680825,66.49017578649615,3.040657580079724,0.12166595897956196,0.11751774554872971,26.688149660707467,237.74103384077563,0.17612616580997953,0.0492580499719295,0.04001890939823833,Web/CloudOps,2
bizitobs_service/10S/medium,tabpfn-ts-300cntx-run3-fixed,172441.15171666158,172441.15171666158,110.99728920218135,3.6791316488872026,0.19974026180479473,0.15594511411812098,32.71882530683466,415.2603420947654,0.3125347191160498,0.08353917551686185,0.07004339314755026,Web/CloudOps,2
bizitobs_service/10S/long,tabpfn-ts-300cntx-run3-fixed,203587.35958872226,203587.35958872226,133.4322388926322,3.9443115146254284,0.7021401385915416,0.1642353791241536,40.344935454590555,451.2065597802433,0.33426824419634976,0.09885086829311876,0.08734666369493156,Web/CloudOps,2
