dataset,model,eval_metrics/MSE[mean],eval_metrics/MSE[0.5],eval_metrics/MAE[0.5],eval_metrics/MASE[0.5],eval_metrics/MAPE[0.5],eval_metrics/sMAPE[0.5],eval_metrics/MSIS,eval_metrics/RMSE[mean],eval_metrics/NRMSE[mean],eval_metrics/ND[0.5],eval_metrics/mean_weighted_sum_quantile_loss,domain,num_variates
m_dense/H/short,tabpfn-ts-5000cntx,61586.330972222226,61586.330972222226,104.50960611979167,0.911171587542818,0.3042710087936249,0.23776204003228082,9.876540532366802,248.16593435083354,0.44018457938302247,0.1853740205385741,0.15094033020836659,Transport,1
m_dense/H/medium,tabpfn-ts-5000cntx,60536.28666666667,60536.28666666667,108.91133680555555,0.9550042567247697,0.2903569335597258,0.24161980523003473,8.010033962710764,246.04122960728893,0.4280806555100845,0.1894919665562451,0.14971204145622352,Transport,1
m_dense/H/long,tabpfn-ts-5000cntx,56978.68641975309,56978.68641975309,106.38368827160494,0.9346734619789206,0.2855749452382427,0.2368602008584105,7.491750216072232,238.70208717091916,0.41322859947778007,0.18416589076692305,0.14525303058186928,Transport,1
