dataset,model,eval_metrics/MSE[mean],eval_metrics/MSE[0.5],eval_metrics/MAE[0.5],eval_metrics/MASE[0.5],eval_metrics/MAPE[0.5],eval_metrics/sMAPE[0.5],eval_metrics/MSIS,eval_metrics/RMSE[mean],eval_metrics/NRMSE[mean],eval_metrics/ND[0.5],eval_metrics/mean_weighted_sum_quantile_loss,domain,num_variates
bizitobs_application/10S/short,tabpfn-ts-5000cntx,715492.2666666667,715492.2666666667,429.1249652777778,1.1871465254611706,0.016905206044514974,0.017118574778238933,8.397514094074035,845.8677595621356,0.03262173845624927,0.016549634649256774,0.014121966194628148,Web/CloudOps,2
bizitobs_application/10S/medium,tabpfn-ts-5000cntx,4601995.52,4601995.52,1190.8180208333333,2.5815896381956667,0.03695650736490885,0.03776938756306966,23.050808295255294,2145.226216509578,0.08423671974432348,0.04675991889127633,0.04061870684598868,Web/CloudOps,2
bizitobs_application/10S/long,tabpfn-ts-5000cntx,5747234.702222222,5747234.702222222,1461.3718055555555,3.19999336214181,0.04584529452853733,0.046874754163953994,24.10655401250539,2397.3390878685104,0.09245578618089527,0.05635926927023181,0.047584401591284374,Web/CloudOps,2
