dataset,model,eval_metrics/MSE[mean],eval_metrics/MSE[0.5],eval_metrics/MAE[0.5],eval_metrics/MASE[0.5],eval_metrics/MAPE[0.5],eval_metrics/sMAPE[0.5],eval_metrics/MSIS,eval_metrics/RMSE[mean],eval_metrics/NRMSE[mean],eval_metrics/ND[0.5],eval_metrics/mean_weighted_sum_quantile_loss,domain,num_variates
bizitobs_service/10S/short,tabpfn-ts-500cntx-run3-fixed,49986.6460965897,49986.6460965897,69.47919601249158,2.785189877733259,0.39402934592839334,0.11842555768916882,23.45139938208269,223.57693552016875,0.1656329485093648,0.0514724118068563,0.040331146292074634,Web/CloudOps,2
bizitobs_service/10S/medium,tabpfn-ts-500cntx-run3-fixed,231845.75396744418,231845.75396744418,152.29828988500768,5.261742161984679,0.6690722818858942,0.1948240373241352,28.452999535861778,481.50363858172886,0.36239098508268935,0.11462328189337012,0.0898376715795174,Web/CloudOps,2
bizitobs_service/10S/long,tabpfn-ts-500cntx-run3-fixed,188631.77953552266,188631.77953552266,128.13267225831117,3.2664292183209325,0.13577966306649716,0.13451920031193074,38.567479267081296,434.3176021479243,0.32175636445592354,0.09492477990752696,0.08133169021477367,Web/CloudOps,2
