dataset,model,eval_metrics/MSE[mean],eval_metrics/MSE[0.5],eval_metrics/MAE[0.5],eval_metrics/MASE[0.5],eval_metrics/MAPE[0.5],eval_metrics/sMAPE[0.5],eval_metrics/MSIS,eval_metrics/RMSE[mean],eval_metrics/NRMSE[mean],eval_metrics/ND[0.5],eval_metrics/mean_weighted_sum_quantile_loss,domain,num_variates
m_dense/H/short,tabpfn-ts-500cntx-run4,74797.78777777778,74797.78777777778,115.74952473958334,0.9831941364832109,0.34037315262784584,0.25879906124538843,9.858799199577746,273.4918422508755,0.48510643437345413,0.20531083766415867,0.1632871316368737,Transport,1
m_dense/H/medium,tabpfn-ts-500cntx-run4,80000.93777777778,80000.93777777778,119.56658420138889,1.01739671757847,0.32193623674961674,0.2606858444213867,9.308593485937736,282.8443702423256,0.4921134706322603,0.20803075087751857,0.16519854402180728,Transport,1
m_dense/H/long,tabpfn-ts-500cntx-run4,79712.64790123457,79712.64790123457,122.2204938271605,1.0358996274839023,0.32400386936321557,0.262602840470679,9.31856826194693,282.33428396359267,0.4887623821374398,0.21158174228915233,0.16940019431316752,Transport,1
