dataset,model,eval_metrics/MSE[mean],eval_metrics/MSE[0.5],eval_metrics/MAE[0.5],eval_metrics/MASE[0.5],eval_metrics/MAPE[0.5],eval_metrics/sMAPE[0.5],eval_metrics/MSIS,eval_metrics/RMSE[mean],eval_metrics/NRMSE[mean],eval_metrics/ND[0.5],eval_metrics/mean_weighted_sum_quantile_loss,domain,num_variates
sz_taxi/15T/short,tabpfn-ts-300cntx-run2-fixed,18.026377173716043,18.026377173716043,2.867813706543565,0.5731408759888212,1321405980404.2053,0.4176884535904769,4.249708117274667,4.245748128859747,0.39699561942659173,0.26815285416732776,0.21154719017669343,Transport,1
sz_taxi/15T/medium,tabpfn-ts-300cntx-run2-fixed,17.71755141559829,17.71755141559829,2.893603724292201,0.56491038798593,12271391276719.918,0.42414387759999334,4.209467886205406,4.209222186532601,0.3917383750962073,0.26929811991234526,0.21352668058821853,Transport,1
sz_taxi/15T/long,tabpfn-ts-300cntx-run2-fixed,16.926110109508546,16.926110109508546,2.8392796530003563,0.5361821890913547,7579252004003.957,0.4192208053719284,3.9651828046398307,4.114135402427653,0.3807970148499031,0.2627986467214035,0.20813389145709715,Transport,1
