dataset,model,eval_metrics/MSE[mean],eval_metrics/MSE[0.5],eval_metrics/MAE[0.5],eval_metrics/MASE[0.5],eval_metrics/MAPE[0.5],eval_metrics/sMAPE[0.5],eval_metrics/MSIS,eval_metrics/RMSE[mean],eval_metrics/NRMSE[mean],eval_metrics/ND[0.5],eval_metrics/mean_weighted_sum_quantile_loss,domain,num_variates
bizitobs_application/10S/short,tabpfn-ts-500cntx-run4,13284052.764444444,13284052.764444444,1537.765,4.832277615889107,0.06954969194200304,0.07087274339463975,39.36391821173492,3644.7294501024962,0.14056264649048716,0.059305449427629095,0.044165115289236535,Web/CloudOps,2
bizitobs_application/10S/medium,tabpfn-ts-500cntx-run4,36898106.02666666,36898106.02666666,2924.9370833333332,10.16512593305409,0.14258410135904948,0.1407288869222005,43.896212815296366,6074.381122934802,0.2385230687257841,0.11485367065829388,0.08894407633949274,Web/CloudOps,2
bizitobs_application/10S/long,tabpfn-ts-500cntx-run4,17769642.666666668,17769642.666666668,2445.5777777777776,5.544699682412976,0.07839301215277777,0.07981093512641059,77.29259771815919,4215.4053976654095,0.1625713367310354,0.09431615963514162,0.08276428456347076,Web/CloudOps,2
