dataset,model,eval_metrics/MSE[mean],eval_metrics/MSE[0.5],eval_metrics/MAE[0.5],eval_metrics/MASE[0.5],eval_metrics/MAPE[0.5],eval_metrics/sMAPE[0.5],eval_metrics/MSIS,eval_metrics/RMSE[mean],eval_metrics/NRMSE[mean],eval_metrics/ND[0.5],eval_metrics/mean_weighted_sum_quantile_loss,domain,num_variates
bizitobs_application/10S/short,tabpfn-ts-6000cntx,699377.5644444445,699377.5644444445,429.55645833333335,1.1757265463197852,0.016824769973754882,0.016994330088297527,7.759588939272002,836.2879674157966,0.032252284164688526,0.016566275611682516,0.013522032505195382,Web/CloudOps,2
bizitobs_application/10S/medium,tabpfn-ts-6000cntx,4254253.653333333,4254253.653333333,1139.949375,2.470738404456735,0.035038235982259115,0.0358729362487793,14.522713817970008,2062.5842172704934,0.08099161166414154,0.04476245688477161,0.03588629255789484,Web/CloudOps,2
bizitobs_application/10S/long,tabpfn-ts-6000cntx,4531757.511111111,4531757.511111111,1293.5777777777778,3.074851312138805,0.043151016235351565,0.044011175367567275,15.939310416014676,2128.7925007175104,0.08209901772586733,0.04988812431073983,0.03800191976397701,Web/CloudOps,2
