dataset,model,eval_metrics/MSE[mean],eval_metrics/MSE[0.5],eval_metrics/MAE[0.5],eval_metrics/MASE[0.5],eval_metrics/MAPE[0.5],eval_metrics/sMAPE[0.5],eval_metrics/MSIS,eval_metrics/RMSE[mean],eval_metrics/NRMSE[mean],eval_metrics/ND[0.5],eval_metrics/mean_weighted_sum_quantile_loss,domain,num_variates
m_dense/H/short,tabpfn-ts-6000cntx,58623.05333333334,58623.05333333334,101.2477853732639,0.879649009245499,0.2870314350504563,0.23288660049438475,9.232089018723585,242.12198027715976,0.4294641096751644,0.17958836265974798,0.14453861371185267,Transport,1
m_dense/H/medium,tabpfn-ts-6000cntx,60809.142222222225,60809.142222222225,110.30358506944444,0.9644759944565598,0.286977505718787,0.24266362931993274,7.319052672831108,246.59509772544592,0.4290443160618759,0.19191430264353262,0.15152803431743397,Transport,1
m_dense/H/long,tabpfn-ts-6000cntx,69950.84641975308,69950.84641975308,114.44748456790123,0.9737053790247048,0.29126418750387006,0.24346333068094136,7.730123573975485,264.4822232584888,0.45785782604246017,0.19812551420166355,0.1565949980964707,Transport,1
