dataset,model,eval_metrics/MSE[mean],eval_metrics/MSE[0.5],eval_metrics/MAE[0.5],eval_metrics/MASE[0.5],eval_metrics/MAPE[0.5],eval_metrics/sMAPE[0.5],eval_metrics/MSIS,eval_metrics/RMSE[mean],eval_metrics/NRMSE[mean],eval_metrics/ND[0.5],eval_metrics/mean_weighted_sum_quantile_loss,domain,num_variates
bizitobs_service/10S/short,tabpfn-ts-5000cntx,28142.607999184638,28142.607999184638,33.8020125340217,0.8535243212472956,0.05794447068477303,0.04966984396592331,10.049207243005934,167.7575870093053,0.12428018885991474,0.025041612581971642,0.019087153700130238,Web/CloudOps,2
bizitobs_service/10S/medium,tabpfn-ts-5000cntx,96690.67023484463,96690.67023484463,60.32570617118762,1.1917211939594163,0.07062226024505008,0.06866066103456714,16.545076183000585,310.9512344964152,0.23402922668196474,0.04540254804632147,0.04035254514941317,Web/CloudOps,2
bizitobs_service/10S/long,tabpfn-ts-5000cntx,128299.30233076129,128299.30233076129,74.55563946360319,1.2998188793577456,0.07516910914149447,0.07298868321029295,17.444267379932487,358.18891988831996,0.26535780286521066,0.0552332011985211,0.048207381421099565,Web/CloudOps,2
