dataset,model,eval_metrics/MSE[mean],eval_metrics/MSE[0.5],eval_metrics/MAE[0.5],eval_metrics/MASE[0.5],eval_metrics/MAPE[0.5],eval_metrics/sMAPE[0.5],eval_metrics/MSIS,eval_metrics/RMSE[mean],eval_metrics/NRMSE[mean],eval_metrics/ND[0.5],eval_metrics/mean_weighted_sum_quantile_loss,domain,num_variates
sz_taxi/15T/short,tabpfn-ts-1000cntx-run4,17.12002947275164,17.12002947275164,2.7679169204208875,0.5525779309574022,860969606299.855,0.40142701862787006,4.068214339937349,4.137635734661963,0.3868866479097703,0.2588120771636413,0.20433179299467952,Transport,1
sz_taxi/15T/medium,tabpfn-ts-1000cntx-run4,16.53587114383013,16.53587114383013,2.7694411057692307,0.5394996110752648,10312834223392.82,0.4094506288186098,3.945205991887751,4.066432237702988,0.3784493872367516,0.2577427160224057,0.20393913107116593,Transport,1
sz_taxi/15T/long,tabpfn-ts-1000cntx-run4,15.683404558404558,15.683404558404558,2.6967801955350783,0.5091890624024786,5551692048926.633,0.40041373489249465,3.7341466339477467,3.960227841728877,0.3665516062903449,0.24960915179411236,0.19742183856548795,Transport,1
