dataset,model,eval_metrics/MSE[mean],eval_metrics/MSE[0.5],eval_metrics/MAE[0.5],eval_metrics/MASE[0.5],eval_metrics/MAPE[0.5],eval_metrics/sMAPE[0.5],eval_metrics/MSIS,eval_metrics/RMSE[mean],eval_metrics/NRMSE[mean],eval_metrics/ND[0.5],eval_metrics/mean_weighted_sum_quantile_loss,domain,num_variates
bizitobs_l2c/H/short,tabpfn-ts-200cntx-run2-fixed,270.5922619047619,270.5922619047619,11.648367745535714,1.1109065658955204,1.1293463032308528,1.0827938261486234,6.999568647266404,16.449688808751425,0.8866803551728347,0.6278768534697496,0.47075272685094904,Web/CloudOps,7
bizitobs_l2c/H/medium,tabpfn-ts-200cntx-run2-fixed,379.5500744047619,379.5500744047619,14.412137276785714,1.3645975972846285,1.3254344092980235,1.1882848103841146,8.359161952614643,19.482044923589566,1.1796674116502823,0.872676802888812,0.6137071813291624,Web/CloudOps,7
bizitobs_l2c/H/long,tabpfn-ts-200cntx-run2-fixed,329.54781746031745,329.54781746031745,13.884423053075396,1.4151286874857403,1.9256461664716589,1.0103595067584326,8.923042550302755,18.153451943372023,1.1088652387899582,0.848100632994511,0.6070023621103586,Web/CloudOps,7
