dataset,model,eval_metrics/MSE[mean],eval_metrics/MSE[0.5],eval_metrics/MAE[0.5],eval_metrics/MASE[0.5],eval_metrics/MAPE[0.5],eval_metrics/sMAPE[0.5],eval_metrics/MSIS,eval_metrics/RMSE[mean],eval_metrics/NRMSE[mean],eval_metrics/ND[0.5],eval_metrics/mean_weighted_sum_quantile_loss,domain,num_variates
bizitobs_application/10S/short,tabpfn-ts-500cntx-run2,13243587.697777778,13243587.697777778,1536.0493055555555,4.832827931840548,0.06955650753445096,0.07087012396918403,39.35768282597065,3639.1740406001163,0.14034839655158676,0.05923928195073356,0.04412713258158627,Web/CloudOps,2
bizitobs_application/10S/medium,tabpfn-ts-500cntx-run2,36898106.02666666,36898106.02666666,2924.9370833333332,10.16512593305409,0.14258410135904948,0.1407288869222005,43.896212815296366,6074.381122934802,0.2385230687257841,0.11485367065829388,0.08894407633949274,Web/CloudOps,2
bizitobs_application/10S/long,tabpfn-ts-500cntx-run2,17769642.666666668,17769642.666666668,2445.5777777777776,5.544699682412976,0.07839301215277777,0.07981093512641059,77.29259771815919,4215.4053976654095,0.1625713367310354,0.09431615963514162,0.08276428456347076,Web/CloudOps,2
