dataset,model,eval_metrics/MSE[mean],eval_metrics/MSE[0.5],eval_metrics/MAE[0.5],eval_metrics/MASE[0.5],eval_metrics/MAPE[0.5],eval_metrics/sMAPE[0.5],eval_metrics/MSIS,eval_metrics/RMSE[mean],eval_metrics/NRMSE[mean],eval_metrics/ND[0.5],eval_metrics/mean_weighted_sum_quantile_loss,domain,num_variates
bizitobs_service/10S/short,tabpfn-ts-6000cntx,3504.163443251439,3504.163443251439,21.625851458464034,0.8126371220082315,0.05421804395770605,0.04448205718281958,7.401519152295655,59.195974890624434,0.04385427252685446,0.016021122808384764,0.013060941729241401,Web/CloudOps,2
bizitobs_service/10S/medium,tabpfn-ts-6000cntx,72919.5784126984,72919.5784126984,52.70366071428571,1.1307864205043343,0.06873516264415923,0.06508020794580853,9.943432523387056,270.03625388584106,0.2032356481084388,0.039666017021119514,0.03139817364240795,Web/CloudOps,2
bizitobs_service/10S/long,tabpfn-ts-6000cntx,129198.60825396825,129198.60825396825,74.07154100529101,1.320345551260851,0.07460483450107473,0.07278051628637566,16.806986028037894,359.4420791364977,0.2662861832987549,0.05487456558436473,0.04918850228607812,Web/CloudOps,2
