dataset,model,eval_metrics/MSE[mean],eval_metrics/MSE[0.5],eval_metrics/MAE[0.5],eval_metrics/MASE[0.5],eval_metrics/MAPE[0.5],eval_metrics/sMAPE[0.5],eval_metrics/MSIS,eval_metrics/RMSE[mean],eval_metrics/NRMSE[mean],eval_metrics/ND[0.5],eval_metrics/mean_weighted_sum_quantile_loss,domain,num_variates
m_dense/H/short,tabpfn-ts-6000cntx-run2-fixed,58608.30333333334,58608.30333333334,101.22578396267362,0.8793095254366647,0.2870620228524205,0.23282950083414714,9.233250588811014,242.09151850763655,0.4294100780803772,0.17954933763525438,0.1445632856326171,Transport,1
m_dense/H/medium,tabpfn-ts-6000cntx-run2-fixed,60916.85333333333,60916.85333333333,110.36960069444444,0.9646575751582573,0.28691676402123545,0.24268638186984592,7.322478781370014,246.81339779949818,0.4294241306114428,0.1920291614908446,0.15161221448492818,Transport,1
m_dense/H/long,tabpfn-ts-6000cntx-run2-fixed,70007.11111111111,70007.11111111111,114.47448302469135,0.9736878450491896,0.29136583780651104,0.24345856843171296,7.7332705881163095,264.5885695019932,0.4580419271107998,0.1981722525214649,0.15663255529066733,Transport,1
