dataset,model,eval_metrics/MSE[mean],eval_metrics/MSE[0.5],eval_metrics/MAE[0.5],eval_metrics/MASE[0.5],eval_metrics/MAPE[0.5],eval_metrics/sMAPE[0.5],eval_metrics/MSIS,eval_metrics/RMSE[mean],eval_metrics/NRMSE[mean],eval_metrics/ND[0.5],eval_metrics/mean_weighted_sum_quantile_loss,domain,num_variates
bizitobs_l2c/H/short,tabpfn-ts-4096cntx-run2-fixed,60.70040070064484,60.70040070064484,4.954295809306796,0.4853226394239027,0.5940081187003522,0.6598164997403584,3.7366684862632673,7.791046187813601,0.41995734273728624,0.2670492322924902,0.20952292378055948,Web/CloudOps,7
bizitobs_l2c/H/medium,tabpfn-ts-4096cntx-run2-fixed,76.80993303571428,76.80993303571428,4.915438406808036,0.48860209359370416,0.4683356302145411,0.7702630905877976,3.176415859868284,8.764127625480718,0.530681239668277,0.29763726165442156,0.23185288230495413,Web/CloudOps,7
bizitobs_l2c/H/long,tabpfn-ts-4096cntx-run2-fixed,87.98552827380952,87.98552827380952,5.653265671502976,0.598818060046185,0.7130758570186557,0.8433440677703373,4.996494906253774,9.38006014233435,0.572961146014509,0.3453177835449075,0.2788346204156875,Web/CloudOps,7
