dataset,model,eval_metrics/MSE[mean],eval_metrics/MSE[0.5],eval_metrics/MAE[0.5],eval_metrics/MASE[0.5],eval_metrics/MAPE[0.5],eval_metrics/sMAPE[0.5],eval_metrics/MSIS,eval_metrics/RMSE[mean],eval_metrics/NRMSE[mean],eval_metrics/ND[0.5],eval_metrics/mean_weighted_sum_quantile_loss,domain,num_variates
bizitobs_l2c/H/short,tabpfn-ts-100cntx-run3,249.8901134672619,249.8901134672619,10.778576078869047,1.039924655646304,1.3589315071380397,0.9404976254417783,10.653134983558468,15.807913001635033,0.852086995553013,0.5809928550614594,0.47505164477445966,Web/CloudOps,7
bizitobs_l2c/H/medium,tabpfn-ts-100cntx-run3,304.96348586309523,304.96348586309523,12.498092215401785,1.2158750848265731,1.2350744430063072,1.1457358950660341,14.456695047674735,17.46320376858425,1.0574235132710879,0.7567784671545179,0.6244240726103918,Web/CloudOps,7
bizitobs_l2c/H/long,tabpfn-ts-100cntx-run3,259.29489087301585,259.29489087301585,12.18244125124008,1.2353517614212162,1.909123191099519,0.924662853422619,15.34313551900227,16.1026361467002,0.9835954909103543,0.7441386723164296,0.6337311072631394,Web/CloudOps,7
