dataset,model,eval_metrics/MSE[mean],eval_metrics/MSE[0.5],eval_metrics/MAE[0.5],eval_metrics/MASE[0.5],eval_metrics/MAPE[0.5],eval_metrics/sMAPE[0.5],eval_metrics/MSIS,eval_metrics/RMSE[mean],eval_metrics/NRMSE[mean],eval_metrics/ND[0.5],eval_metrics/mean_weighted_sum_quantile_loss,domain,num_variates
m_dense/H/short,tabpfn-ts-200cntx-run3-fixed,120616.92583333333,120616.92583333333,160.014765625,1.3326818091668962,0.47664192529014277,0.3467097176445855,13.56472028676496,347.29947571704355,0.6160227995770345,0.2838263538707039,0.2331675305536042,Transport,1
m_dense/H/medium,tabpfn-ts-200cntx-run3-fixed,108896.4,108896.4,150.56465711805555,1.246963121749115,0.4719449911754843,0.32895765516493053,9.665259131899832,329.9945454094658,0.5741488186313776,0.26196348156211174,0.20544969039024336,Transport,1
m_dense/H/long,tabpfn-ts-200cntx-run3-fixed,112705.39061728395,112705.39061728395,156.2987962962963,1.292169740104709,0.4596005052401003,0.3383314344618056,10.117244139599176,335.71623526020295,0.5811744311192082,0.2705763215523737,0.2120790865912739,Transport,1
