dataset,model,eval_metrics/MSE[mean],eval_metrics/MSE[0.5],eval_metrics/MAE[0.5],eval_metrics/MASE[0.5],eval_metrics/MAPE[0.5],eval_metrics/sMAPE[0.5],eval_metrics/MSIS,eval_metrics/RMSE[mean],eval_metrics/NRMSE[mean],eval_metrics/ND[0.5],eval_metrics/mean_weighted_sum_quantile_loss,domain,num_variates
bizitobs_l2c/H/short,tabpfn-ts-300cntx-run2,197.13278149801587,197.13278149801587,9.783933609250992,0.9386016432944947,0.9130159739395983,1.0034542386493985,6.066268468947489,14.040398195849571,0.7568134208375256,0.5273790786256568,0.39075340719461565,Web/CloudOps,7
bizitobs_l2c/H/medium,tabpfn-ts-300cntx-run2,394.73660714285717,394.73660714285717,14.817759486607143,1.4144230111595046,1.440286229421186,1.2651139032273067,7.497118144378616,19.867979442883897,1.203036332994426,0.8972378437982562,0.6447547707070114,Web/CloudOps,7
bizitobs_l2c/H/long,tabpfn-ts-300cntx-run2,325.249503968254,325.249503968254,13.747174169146826,1.3720725945120213,1.8779314649148466,1.0470367916046628,7.9016087298369175,18.03467504470912,1.101610003008388,0.8397170750394811,0.6168871869837919,Web/CloudOps,7
