dataset,model,eval_metrics/MSE[mean],eval_metrics/MSE[0.5],eval_metrics/MAE[0.5],eval_metrics/MASE[0.5],eval_metrics/MAPE[0.5],eval_metrics/sMAPE[0.5],eval_metrics/MSIS,eval_metrics/RMSE[mean],eval_metrics/NRMSE[mean],eval_metrics/ND[0.5],eval_metrics/mean_weighted_sum_quantile_loss,domain,num_variates
bizitobs_service/10S/short,tabpfn-ts-5000cntx-run2-fixed,28171.482844107257,28171.482844107257,33.80384290119012,0.8534416938509325,0.057943800258785066,0.049683125275711386,10.052699161150423,167.84362616467524,0.12434392941954815,0.02504296857654351,0.019081895498966647,Web/CloudOps,2
bizitobs_service/10S/medium,tabpfn-ts-5000cntx-run2-fixed,96685.88847762889,96685.88847762889,60.31234426966499,1.1911266308330033,0.07057964257860788,0.06862474433182078,16.563225175496935,310.9435454831454,0.23402343974938541,0.045392491564360864,0.04034712202491661,Web/CloudOps,2
bizitobs_service/10S/long,tabpfn-ts-5000cntx-run2-fixed,128294.26976077935,128294.26976077935,74.54099623564532,1.2995835098332615,0.07514889248705499,0.07296808221603929,17.374692678692,358.18189479757257,0.2653525984533985,0.055222353027117685,0.0481632640993921,Web/CloudOps,2
