dataset,model,eval_metrics/MSE[mean],eval_metrics/MSE[0.5],eval_metrics/MAE[0.5],eval_metrics/MASE[0.5],eval_metrics/MAPE[0.5],eval_metrics/sMAPE[0.5],eval_metrics/MSIS,eval_metrics/RMSE[mean],eval_metrics/NRMSE[mean],eval_metrics/ND[0.5],eval_metrics/mean_weighted_sum_quantile_loss,domain,num_variates
sz_taxi/15T/short,tabpfn-ts-100cntx-run2-fixed,19.621927822611415,19.621927822611415,3.0280125656407395,0.6080694227524915,1030714389977.5684,0.43442051925938646,4.791087106565118,4.429664527095863,0.41419258971885997,0.28313213305257723,0.22475772176578243,Transport,1
sz_taxi/15T/medium,tabpfn-ts-100cntx-run2-fixed,18.13966805221688,18.13966805221688,2.949009769798344,0.5773842048350131,11870626547624.479,0.4283857166257679,7.323902360954896,4.2590689184629165,0.39637744542913345,0.27445457715675664,0.23508747028087987,Transport,1
sz_taxi/15T/long,tabpfn-ts-100cntx-run2-fixed,17.859955929487178,17.859955929487178,2.95040523170406,0.5584673828373203,8867272392517.287,0.43562554253472224,5.786407111055681,4.226104107743582,0.39116063796151845,0.27308423154169614,0.225908912902271,Transport,1
