dataset,model,eval_metrics/MSE[mean],eval_metrics/MSE[0.5],eval_metrics/MAE[0.5],eval_metrics/MASE[0.5],eval_metrics/MAPE[0.5],eval_metrics/sMAPE[0.5],eval_metrics/MSIS,eval_metrics/RMSE[mean],eval_metrics/NRMSE[mean],eval_metrics/ND[0.5],eval_metrics/mean_weighted_sum_quantile_loss,domain,num_variates
bizitobs_application/10S/short,tabpfn-ts-300cntx-run2-fixed,12506396.444444444,12506396.444444444,1381.11375,5.072725452470683,0.0666575453016493,0.06988125695122613,36.785926381299106,3536.438384087081,0.13638629292603405,0.05326403686807033,0.042611274233854364,Web/CloudOps,2
bizitobs_application/10S/medium,tabpfn-ts-300cntx-run2-fixed,20869254.826666668,20869254.826666668,2024.4427083333333,6.791427257592434,0.09088081359863281,0.09321046829223632,47.816944018250624,4568.287953562764,0.17938322266159826,0.0794939068653475,0.06286284637258223,Web/CloudOps,2
bizitobs_application/10S/long,tabpfn-ts-300cntx-run2-fixed,23135755.377777778,23135755.377777778,2665.86,8.052157734336323,0.10826789008246528,0.11262829250759548,88.12588909953803,4809.964176350773,0.18550109230557232,0.10281156445304666,0.0875479693365593,Web/CloudOps,2
