dataset,model,eval_metrics/MSE[mean],eval_metrics/MSE[0.5],eval_metrics/MAE[0.5],eval_metrics/MASE[0.5],eval_metrics/MAPE[0.5],eval_metrics/sMAPE[0.5],eval_metrics/MSIS,eval_metrics/RMSE[mean],eval_metrics/NRMSE[mean],eval_metrics/ND[0.5],eval_metrics/mean_weighted_sum_quantile_loss,domain,num_variates
m_dense/H/short,tabpfn-ts-500cntx-run2,74570.01430555555,74570.01430555555,115.66098849826389,0.9829214880035205,0.3402300236755631,0.2587468719482422,9.888410320377629,273.0751074440062,0.48436725058436614,0.20515379641574036,0.16327799436752743,Transport,1
m_dense/H/medium,tabpfn-ts-500cntx-run2,79990.01777777777,79990.01777777777,119.56987413194445,1.0171178590355954,0.32182397391187895,0.26062701331244575,9.315102323181545,282.8250656815583,0.49207988313539736,0.20803647494104668,0.16518764435683272,Transport,1
m_dense/H/long,tabpfn-ts-500cntx-run2,79759.84197530865,79759.84197530865,122.22712962962963,1.035699716792848,0.32394781354492397,0.26254207658179013,9.330634575522103,282.41784995872456,0.48890704722831346,0.2115932298441764,0.16942371817117796,Transport,1
