dataset,model,eval_metrics/MSE[mean],eval_metrics/MSE[0.5],eval_metrics/MAE[0.5],eval_metrics/MASE[0.5],eval_metrics/MAPE[0.5],eval_metrics/sMAPE[0.5],eval_metrics/MSIS,eval_metrics/RMSE[mean],eval_metrics/NRMSE[mean],eval_metrics/ND[0.5],eval_metrics/mean_weighted_sum_quantile_loss,domain,num_variates
sz_taxi/15T/short,tabpfn-ts-500cntx,17.56664830395299,17.56664830395299,2.8173882713830225,0.5627395965903089,749093312271.5952,0.40933654188964247,4.166106385779589,4.191258558470593,0.3919006114109512,0.2634378601877411,0.2079938699956278,Transport,1
sz_taxi/15T/medium,tabpfn-ts-500cntx,16.95307074652778,16.95307074652778,2.8233388004139957,0.5506545908716242,11996659173820.61,0.41885769835904113,4.033975461254446,4.117410684705593,0.38319378254513503,0.26275879604524827,0.20770624033805005,Transport,1
sz_taxi/15T/long,tabpfn-ts-500cntx,16.157467503561254,16.157467503561254,2.7614862947382477,0.5208350128339324,6741850429849.6,0.40935079460470086,3.799627242649268,4.019635245088944,0.3720502492971231,0.25559823261158116,0.20199748276963236,Transport,1
