dataset,model,eval_metrics/MSE[mean],eval_metrics/MSE[0.5],eval_metrics/MAE[0.5],eval_metrics/MASE[0.5],eval_metrics/MAPE[0.5],eval_metrics/sMAPE[0.5],eval_metrics/MSIS,eval_metrics/RMSE[mean],eval_metrics/NRMSE[mean],eval_metrics/ND[0.5],eval_metrics/mean_weighted_sum_quantile_loss,domain,num_variates
m_dense/H/short,tabpfn-ts-3000cntx-run4,67993.00638888888,67993.00638888888,108.07584635416667,0.9232729086343671,0.3014535475006646,0.2417781278822157,9.79201504212631,260.7546862261326,0.4625138908724547,0.19169964279472118,0.15636566150757406,Transport,1
m_dense/H/medium,tabpfn-ts-3000cntx-run4,76850.13777777778,76850.13777777778,120.79057725694445,0.9789815586491372,0.3072683884452738,0.24886976453993057,8.181088152908387,277.21857401295784,0.4823252959369954,0.21016034415909307,0.16530111961098315,Transport,1
m_dense/H/long,tabpfn-ts-3000cntx-run4,64753.45777777778,64753.45777777778,111.65473765432098,0.9217207101871937,0.3070506730084523,0.23476285204475308,8.109451064953891,254.46700724804734,0.4405200066102455,0.19329085645119184,0.15408792823601175,Transport,1
