dataset,model,eval_metrics/MSE[mean],eval_metrics/MSE[0.5],eval_metrics/MAE[0.5],eval_metrics/MASE[0.5],eval_metrics/MAPE[0.5],eval_metrics/sMAPE[0.5],eval_metrics/MSIS,eval_metrics/RMSE[mean],eval_metrics/NRMSE[mean],eval_metrics/ND[0.5],eval_metrics/mean_weighted_sum_quantile_loss,domain,num_variates
m_dense/H/short,tabpfn-ts-100cntx-run2-fixed,153414.32194444444,153414.32194444444,188.6174728732639,1.5509252477887556,0.6182137299062783,0.407989862230089,18.937293444123714,391.6814036234608,0.6947452895061939,0.3345604350500069,0.27998152995997133,Transport,1
m_dense/H/medium,tabpfn-ts-100cntx-run2-fixed,171859.60888888888,171859.60888888888,216.00216145833335,1.7897887565451407,0.8825860349453,0.4681325107150608,14.644694864607002,414.5595360004265,0.7212812186082559,0.37581647196392953,0.2935753948972917,Transport,1
m_dense/H/long,tabpfn-ts-100cntx-run2-fixed,168947.48444444445,168947.48444444445,212.59876543209876,1.7127323885707766,0.7995507431538128,0.4573995105131173,13.930566650257232,411.03221825599564,0.7115575314117446,0.3680398907752582,0.2867754809551299,Transport,1
