dataset,model,eval_metrics/MSE[mean],eval_metrics/MSE[0.5],eval_metrics/MAE[0.5],eval_metrics/MASE[0.5],eval_metrics/MAPE[0.5],eval_metrics/sMAPE[0.5],eval_metrics/MSIS,eval_metrics/RMSE[mean],eval_metrics/NRMSE[mean],eval_metrics/ND[0.5],eval_metrics/mean_weighted_sum_quantile_loss,domain,num_variates
m_dense/H/short,tabpfn-ts-300cntx-run4,107994.8025,107994.8025,147.46127387152777,1.245609009395695,0.45737301452947404,0.3201897939046224,11.446866361369592,328.62562666353335,0.5829000407560722,0.2615595850583556,0.20862074221595794,Transport,1
m_dense/H/medium,tabpfn-ts-300cntx-run4,94138.64888888889,94138.64888888889,137.56934461805557,1.1551608353174172,0.42990352813229477,0.3013586637708876,9.073592493364398,306.8202224249387,0.5338284244029264,0.23935327959540204,0.18721218098095938,Transport,1
m_dense/H/long,tabpfn-ts-300cntx-run4,101669.86271604938,101669.86271604938,147.54470679012346,1.2166440098101141,0.4469901532845444,0.31810956790123457,8.57501566560046,318.85711959441863,0.5519888096712584,0.25542169852744506,0.19668988644270147,Transport,1
