dataset,model,eval_metrics/MSE[mean],eval_metrics/MSE[0.5],eval_metrics/MAE[0.5],eval_metrics/MASE[0.5],eval_metrics/MAPE[0.5],eval_metrics/sMAPE[0.5],eval_metrics/MSIS,eval_metrics/RMSE[mean],eval_metrics/NRMSE[mean],eval_metrics/ND[0.5],eval_metrics/mean_weighted_sum_quantile_loss,domain,num_variates
sz_taxi/15T/short,tabpfn-ts-200cntx-run2-fixed,18.558313986902853,18.558313986902853,2.929075266706492,0.5858368444365316,348042751857.3375,0.42814511169880737,4.2781681591227345,4.307936163280841,0.40281046677424986,0.27388107220706637,0.21517807445911627,Transport,1
sz_taxi/15T/medium,tabpfn-ts-200cntx-run2-fixed,18.358540748530984,18.358540748530984,2.97957513271234,0.5836447604279014,12335670555695.262,0.4397174541766827,4.19312488081585,4.284686773677977,0.3987616144111145,0.27729919430252387,0.21731095448480542,Transport,1
sz_taxi/15T/long,tabpfn-ts-200cntx-run2-fixed,17.306009615384614,17.306009615384614,2.883770838897792,0.5472468064265997,8230246032279.558,0.42810632428552353,3.944882744616378,4.160049232327018,0.3850467168299807,0.2669166713170157,0.21047012952106947,Transport,1
