dataset,model,eval_metrics/MSE[mean],eval_metrics/MSE[0.5],eval_metrics/MAE[0.5],eval_metrics/MASE[0.5],eval_metrics/MAPE[0.5],eval_metrics/sMAPE[0.5],eval_metrics/MSIS,eval_metrics/RMSE[mean],eval_metrics/NRMSE[mean],eval_metrics/ND[0.5],eval_metrics/mean_weighted_sum_quantile_loss,domain,num_variates
m_dense/H/short,tabpfn-ts-paper,67600.90138888889,67600.90138888889,106.22997178819445,0.9004014596543028,0.300659996837629,0.23794508616129556,10.139465402728966,260.00173343439246,0.46117834008949005,0.18842552089905587,0.15466113037163176,Transport,1
m_dense/H/medium,tabpfn-ts-paper,67970.54444444444,67970.54444444444,113.36439236111111,0.9666108998032253,0.3022062173912097,0.243900269402398,8.674592242633093,260.7116116409939,0.45360526684289076,0.19723972063911843,0.15761337392316857,Transport,1
m_dense/H/long,tabpfn-ts-paper,72959.54962962963,72959.54962962963,118.18505401234567,0.9954246111426273,0.3181678056015666,0.2495169933931327,8.829012233452202,270.11025458066126,0.46760078023545454,0.20459579942322856,0.16229026046126693,Transport,1
