dataset,model,eval_metrics/MSE[mean],eval_metrics/MSE[0.5],eval_metrics/MAE[0.5],eval_metrics/MASE[0.5],eval_metrics/MAPE[0.5],eval_metrics/sMAPE[0.5],eval_metrics/MSIS,eval_metrics/RMSE[mean],eval_metrics/NRMSE[mean],eval_metrics/ND[0.5],eval_metrics/mean_weighted_sum_quantile_loss,domain,num_variates
m_dense/H/short,tabpfn-ts-4096cntx-run2-fixed,67621.24777777778,67621.24777777778,106.29401963975694,0.9008740480040723,0.30077725362515034,0.23807533476087783,10.140718639822351,260.04085790078796,0.46124773715169737,0.18853912584114502,0.15477727299240274,Transport,1
m_dense/H/medium,tabpfn-ts-4096cntx-run2-fixed,68026.6888888889,68026.6888888889,113.39611979166666,0.9668227342583284,0.30221063203076004,0.2439269087049696,8.676467388032174,260.8192647963123,0.4537925697326137,0.19729492235995014,0.1576706408584005,Transport,1
m_dense/H/long,tabpfn-ts-4096cntx-run2-fixed,73005.35308641975,73005.35308641975,118.20600308641976,0.9955302401950721,0.3181920238919936,0.2494945686246142,8.82752154051619,270.1950278713873,0.4677475353334724,0.20463206536728706,0.16233851128302146,Transport,1
