dataset,model,eval_metrics/MSE[mean],eval_metrics/MSE[0.5],eval_metrics/MAE[0.5],eval_metrics/MASE[0.5],eval_metrics/MAPE[0.5],eval_metrics/sMAPE[0.5],eval_metrics/MSIS,eval_metrics/RMSE[mean],eval_metrics/NRMSE[mean],eval_metrics/ND[0.5],eval_metrics/mean_weighted_sum_quantile_loss,domain,num_variates
bizitobs_application/10S/short,tabpfn-ts-1000cntx-run3-fixed,6163524.266666667,6163524.266666667,1016.86,3.310397400242373,0.04686709509955512,0.04746448940700955,21.73680720051563,2482.644611430856,0.09574567924877242,0.039216225694419446,0.028702050403459245,Web/CloudOps,2
bizitobs_application/10S/medium,tabpfn-ts-1000cntx-run3-fixed,10002594.133333333,10002594.133333333,1623.1717708333333,4.961005328336247,0.0666274897257487,0.06816770553588868,37.51188883010378,3162.68780206541,0.12418944164072723,0.06373717816065776,0.051864965838854866,Web/CloudOps,2
bizitobs_application/10S/long,tabpfn-ts-1000cntx-run3-fixed,11814736.782222223,11814736.782222223,1994.736388888889,5.208112293506319,0.0718914540608724,0.07362844679090712,44.823342220495235,3437.257159745576,0.1325612695418658,0.07692900933023022,0.06383991128419884,Web/CloudOps,2
