dataset,model,eval_metrics/MSE[mean],eval_metrics/MSE[0.5],eval_metrics/MAE[0.5],eval_metrics/MASE[0.5],eval_metrics/MAPE[0.5],eval_metrics/sMAPE[0.5],eval_metrics/MSIS,eval_metrics/RMSE[mean],eval_metrics/NRMSE[mean],eval_metrics/ND[0.5],eval_metrics/mean_weighted_sum_quantile_loss,domain,num_variates
bizitobs_application/10S/short,tabpfn-ts-200cntx-run2-fixed,16291700.053333333,16291700.053333333,1426.1855555555555,5.479647582633123,0.07621751573350695,0.07672541300455729,66.68862486007315,4036.297815242742,0.15566387319046035,0.05500227625119255,0.04562834749997387,Web/CloudOps,2
bizitobs_application/10S/medium,tabpfn-ts-200cntx-run2-fixed,21691371.52,21691371.52,2100.6910416666665,6.914221173958198,0.09264852523803711,0.09537887573242188,49.791314761443324,4657.399652166432,0.1828823767943644,0.08248795450309372,0.06401972082322778,Web/CloudOps,2
bizitobs_application/10S/long,tabpfn-ts-200cntx-run2-fixed,6535720.96,6535720.96,1523.1844444444444,3.517492230509079,0.04944149441189236,0.05080254448784722,64.70296574117575,2556.505615092601,0.09859420292913681,0.05874313567999748,0.05782490628639606,Web/CloudOps,2
