dataset,model,eval_metrics/MSE[mean],eval_metrics/MSE[0.5],eval_metrics/MAE[0.5],eval_metrics/MASE[0.5],eval_metrics/MAPE[0.5],eval_metrics/sMAPE[0.5],eval_metrics/MSIS,eval_metrics/RMSE[mean],eval_metrics/NRMSE[mean],eval_metrics/ND[0.5],eval_metrics/mean_weighted_sum_quantile_loss,domain,num_variates
m_dense/H/short,tabpfn-ts-1000cntx-run2,65040.40819444445,65040.40819444445,108.14525065104166,0.9351425974419528,0.3136927242450622,0.24628056420220268,9.857369415961083,255.03021035642905,0.45236009595501275,0.19182274873715124,0.15525820419220562,Transport,1
m_dense/H/medium,tabpfn-ts-1000cntx-run2,59709.98888888889,59709.98888888889,104.35625217013889,0.9245143174851543,0.2970742627092624,0.237914310031467,8.65138528580425,244.35627450280234,0.4251490464997371,0.18156669476441809,0.1449137836810613,Transport,1
m_dense/H/long,tabpfn-ts-1000cntx-run2,57896.288395061725,57896.288395061725,106.96649691358024,0.9610387029960902,0.309381101436964,0.24606730143229166,8.896865267056095,240.6164757348543,0.4165426890800413,0.1851748186809658,0.1484772370268268,Transport,1
