dataset,model,eval_metrics/MSE[mean],eval_metrics/MSE[0.5],eval_metrics/MAE[0.5],eval_metrics/MASE[0.5],eval_metrics/MAPE[0.5],eval_metrics/sMAPE[0.5],eval_metrics/MSIS,eval_metrics/RMSE[mean],eval_metrics/NRMSE[mean],eval_metrics/ND[0.5],eval_metrics/mean_weighted_sum_quantile_loss,domain,num_variates
bizitobs_service/10S/short,tabpfn-ts-2000cntx-run2,16381.112413744586,16381.112413744586,32.5648859742883,1.033901252834064,0.0643119365121441,0.05482352174023496,12.489402182291764,127.98871986915326,0.09481813944066075,0.024125109637286615,0.019452880715040262,Web/CloudOps,2
bizitobs_service/10S/medium,tabpfn-ts-2000cntx-run2,95049.22499813868,95049.22499813868,63.50671225765986,1.4253433883818598,0.07950623083103489,0.07602561010277382,16.643458109727256,308.3005432984812,0.23203425402257066,0.04779664818775797,0.03569310933753671,Web/CloudOps,2
bizitobs_service/10S/long,tabpfn-ts-2000cntx-run2,136376.70430481146,136376.70430481146,82.10916166631475,1.67879522492082,0.08659681608958508,0.08571117221039702,23.644546274200714,369.2921665901017,0.2735834429837655,0.06082909192632496,0.054964557946423936,Web/CloudOps,2
