dataset,model,eval_metrics/MSE[mean],eval_metrics/MSE[0.5],eval_metrics/MAE[0.5],eval_metrics/MASE[0.5],eval_metrics/MAPE[0.5],eval_metrics/sMAPE[0.5],eval_metrics/MSIS,eval_metrics/RMSE[mean],eval_metrics/NRMSE[mean],eval_metrics/ND[0.5],eval_metrics/mean_weighted_sum_quantile_loss,domain,num_variates
sz_taxi/15T/short,tabpfn-ts-2000cntx-run2,17.195220686431625,17.195220686431625,2.782653016776247,0.5557730273239955,1024485556626.275,0.40278566567743507,4.241701209139586,4.146712033217598,0.3877353206660986,0.2601899652349473,0.2064754454664812,Transport,1
sz_taxi/15T/medium,tabpfn-ts-2000cntx-run2,16.78682600494124,16.78682600494124,2.816452052450588,0.5490503771080664,10437313480140.363,0.4132344042134081,4.985447881338079,4.097172928366734,0.3813103215558,0.2621178692095221,0.21413947553068782,Transport,1
sz_taxi/15T/long,tabpfn-ts-2000cntx-run2,17.36103320868946,17.36103320868946,2.9339781149839745,0.5544404979913488,6299736163134.869,0.42520209418402777,6.331726888360022,4.166657318365582,0.3856583494553609,0.27156376699745477,0.2349712513100892,Transport,1
