dataset,model,eval_metrics/MSE[mean],eval_metrics/MSE[0.5],eval_metrics/MAE[0.5],eval_metrics/MASE[0.5],eval_metrics/MAPE[0.5],eval_metrics/sMAPE[0.5],eval_metrics/MSIS,eval_metrics/RMSE[mean],eval_metrics/NRMSE[mean],eval_metrics/ND[0.5],eval_metrics/mean_weighted_sum_quantile_loss,domain,num_variates
bizitobs_service/10S/short,tabpfn-ts-4096cntx-run2-fixed,25365.97909319568,25365.97909319568,33.11543143036031,0.8654630478460181,0.058186192636716205,0.049739099807725895,10.058430773111311,159.26700566405987,0.11799009449262367,0.02453297132912653,0.019097162912366843,Web/CloudOps,2
bizitobs_service/10S/medium,tabpfn-ts-4096cntx-run2-fixed,96789.38730536864,96789.38730536864,59.98312767621662,1.1867847735259376,0.07015123594270592,0.06820136783373669,17.451156672037794,311.1099280083627,0.23414866315868643,0.04514471539810647,0.04015794824138039,Web/CloudOps,2
bizitobs_service/10S/long,tabpfn-ts-4096cntx-run2-fixed,130449.41188366264,130449.41188366264,75.54814500513058,1.3450824203654637,0.07704594752639049,0.07524193180764054,22.405308453559556,361.17781200353744,0.26757206969664293,0.055968481033289226,0.05159366213579131,Web/CloudOps,2
