dataset,model,eval_metrics/MSE[mean],eval_metrics/MSE[0.5],eval_metrics/MAE[0.5],eval_metrics/MASE[0.5],eval_metrics/MAPE[0.5],eval_metrics/sMAPE[0.5],eval_metrics/MSIS,eval_metrics/RMSE[mean],eval_metrics/NRMSE[mean],eval_metrics/ND[0.5],eval_metrics/mean_weighted_sum_quantile_loss,domain,num_variates
bizitobs_application/10S/short,tabpfn-ts-4096cntx-run2-fixed,863858.9866666667,863858.9866666667,452.86274305555554,1.2343115067085682,0.01754217677646213,0.01765387641059028,9.229873139605964,929.4401468984793,0.03584479138743301,0.01746510585553621,0.014796784376628156,Web/CloudOps,2
bizitobs_application/10S/medium,tabpfn-ts-4096cntx-run2-fixed,4523144.106666666,4523144.106666666,1168.2310416666667,2.5278131998171953,0.036185681025187176,0.03699774424235026,17.881312074267765,2126.7684656931197,0.08351193819416773,0.04587299469685308,0.03821401772438104,Web/CloudOps,2
bizitobs_application/10S/long,tabpfn-ts-4096cntx-run2-fixed,5897817.315555556,5897817.315555556,1457.5118055555556,3.2316214206210363,0.04599034627278646,0.04696788787841797,55.866307301334565,2428.5422202538616,0.09365916627451364,0.05621040449909276,0.05062404267392698,Web/CloudOps,2
