dataset,model,eval_metrics/MSE[mean],eval_metrics/MSE[0.5],eval_metrics/MAE[0.5],eval_metrics/MASE[0.5],eval_metrics/MAPE[0.5],eval_metrics/sMAPE[0.5],eval_metrics/MSIS,eval_metrics/RMSE[mean],eval_metrics/NRMSE[mean],eval_metrics/ND[0.5],eval_metrics/mean_weighted_sum_quantile_loss,domain,num_variates
bizitobs_application/10S/short,tabpfn-ts-100cntx-run2,8810812.302222222,8810812.302222222,1243.2927777777777,5.9374964486500295,0.08413365681966146,0.08157294379340278,66.91592817929312,2968.3012485632626,0.11447551451791195,0.04794883285562911,0.03807298495775714,Web/CloudOps,2
bizitobs_application/10S/medium,tabpfn-ts-100cntx-run2,19863120.213333335,19863120.213333335,1820.9577083333334,6.612417552427259,0.0877584711710612,0.0903915023803711,193.67258852288055,4456.806055162524,0.17500565662225265,0.0715036498074867,0.07170485550717562,Web/CloudOps,2
bizitobs_application/10S/long,tabpfn-ts-100cntx-run2,20481203.76888889,20481203.76888889,2273.898888888889,7.255500077547317,0.09624986436631944,0.09981773376464843,226.1376737441737,4525.616396568415,0.17453493500992492,0.08769519111082773,0.08331389791810827,Web/CloudOps,2
