dataset,model,eval_metrics/MSE[mean],eval_metrics/MSE[0.5],eval_metrics/MAE[0.5],eval_metrics/MASE[0.5],eval_metrics/MAPE[0.5],eval_metrics/sMAPE[0.5],eval_metrics/MSIS,eval_metrics/RMSE[mean],eval_metrics/NRMSE[mean],eval_metrics/ND[0.5],eval_metrics/mean_weighted_sum_quantile_loss,domain,num_variates
bizitobs_service/10S/short,tabpfn-ts-100cntx-run2,36655.875321615655,36655.875321615655,61.31185981217988,3.192794534016362,0.7915711259542948,0.12189751015541586,40.368602862833036,191.4572414969349,0.14183765131598805,0.04542178778708631,0.03673522592233246,Web/CloudOps,2
bizitobs_service/10S/medium,tabpfn-ts-100cntx-run2,119524.04828617959,119524.04828617959,97.51446769211545,3.7601823831281322,0.26982118798484384,0.15276542196395168,99.93396144025812,345.72250185109385,0.26019890188182665,0.07339168632421784,0.0724377419338259,Web/CloudOps,2
bizitobs_service/10S/long,tabpfn-ts-100cntx-run2,212862.1145877288,212862.1145877288,126.84583940674861,3.7869785808529524,0.14270801805537744,0.1487813731909394,116.46814904620092,461.36982409746827,0.3417975153139434,0.09397145299207721,0.08926119934487795,Web/CloudOps,2
