dataset,model,eval_metrics/MSE[mean],eval_metrics/MSE[0.5],eval_metrics/MAE[0.5],eval_metrics/MASE[0.5],eval_metrics/MAPE[0.5],eval_metrics/sMAPE[0.5],eval_metrics/MSIS,eval_metrics/RMSE[mean],eval_metrics/NRMSE[mean],eval_metrics/ND[0.5],eval_metrics/mean_weighted_sum_quantile_loss,domain,num_variates
sz_taxi/15T/short,tabpfn-ts-1000cntx-run2,17.118163093687997,17.118163093687997,2.7675602019779264,0.5525158326968407,878303768513.0469,0.4013456360906617,4.069024920641794,4.137410191616006,0.3868655586697778,0.25877872246267314,0.2043263335089994,Transport,1
sz_taxi/15T/medium,tabpfn-ts-1000cntx-run2,16.53855210002671,16.53855210002671,2.7696288019163995,0.5395394992905671,10307131633334.92,0.4095081296741453,3.944934389074326,4.066761869107498,0.3784800649403892,0.25776018428149144,0.2039494360552896,Transport,1
sz_taxi/15T/long,tabpfn-ts-1000cntx-run2,15.681928307514244,15.681928307514244,2.6967319238559475,0.5091903180081352,5551831428874.94,0.40042004707532053,3.733978026963791,3.960041452752009,0.3665343544599967,0.24960468385382434,0.19741480636755865,Transport,1
