dataset,model,eval_metrics/MSE[mean],eval_metrics/MSE[0.5],eval_metrics/MAE[0.5],eval_metrics/MASE[0.5],eval_metrics/MAPE[0.5],eval_metrics/sMAPE[0.5],eval_metrics/MSIS,eval_metrics/RMSE[mean],eval_metrics/NRMSE[mean],eval_metrics/ND[0.5],eval_metrics/mean_weighted_sum_quantile_loss,domain,num_variates
bizitobs_service/10S/short,tabpfn-ts-3000cntx-run2,23377.51982357905,23377.51982357905,32.95889261241943,0.9105913642787815,0.06042491160297253,0.0512187085511276,11.100995958865708,152.89708899641957,0.11327105638180283,0.024417002363403856,0.01866273671087526,Web/CloudOps,2
bizitobs_service/10S/medium,tabpfn-ts-3000cntx-run2,95573.43177141645,95573.43177141645,61.298382041243805,1.2861078696095534,0.07431525462666634,0.07215873873526535,14.75416336215278,309.1495297932967,0.2326732212650287,0.04613460682733937,0.03603230019098362,Web/CloudOps,2
bizitobs_service/10S/long,tabpfn-ts-3000cntx-run2,131443.93236222962,131443.93236222962,77.17829838758423,1.4670568636661117,0.0820775402801269,0.08047144737958814,23.42505968961467,362.55197194640886,0.26859009131311123,0.0571761507737046,0.05247070645275679,Web/CloudOps,2
