dataset,model,eval_metrics/MSE[mean],eval_metrics/MSE[0.5],eval_metrics/MAE[0.5],eval_metrics/MASE[0.5],eval_metrics/MAPE[0.5],eval_metrics/sMAPE[0.5],eval_metrics/MSIS,eval_metrics/RMSE[mean],eval_metrics/NRMSE[mean],eval_metrics/ND[0.5],eval_metrics/mean_weighted_sum_quantile_loss,domain,num_variates
m_dense/H/short,tabpfn-ts-2000cntx-run4,64692.052083333336,64692.052083333336,105.358916015625,0.9041688169395343,0.3024346170943449,0.23911516825358073,9.967871238182816,254.34632311738523,0.4511470502666455,0.18688048483328554,0.15178600742131954,Transport,1
m_dense/H/medium,tabpfn-ts-2000cntx-run4,71207.72666666667,71207.72666666667,115.46598090277777,0.9949112151461412,0.3062082795297366,0.2500364939371745,8.797696628123685,266.8477593435378,0.46428138862542423,0.2008962191941171,0.15941958546156798,Transport,1
m_dense/H/long,tabpfn-ts-2000cntx-run4,76836.20345679013,76836.20345679013,124.82560956790124,1.0546692477574624,0.3396912140759002,0.26258421344521604,10.37232228799039,277.1934405010157,0.4798628221488668,0.2160915827425079,0.17512284445372736,Transport,1
