dataset,model,eval_metrics/MSE[mean],eval_metrics/MSE[0.5],eval_metrics/MAE[0.5],eval_metrics/MASE[0.5],eval_metrics/MAPE[0.5],eval_metrics/sMAPE[0.5],eval_metrics/MSIS,eval_metrics/RMSE[mean],eval_metrics/NRMSE[mean],eval_metrics/ND[0.5],eval_metrics/mean_weighted_sum_quantile_loss,domain,num_variates
bizitobs_service/10S/short,tabpfn-ts-1000cntx-run2-fixed,28095.029993486838,28095.029993486838,48.960108684080616,1.8385261025259534,0.09914958703959967,0.07916245144602385,15.918633430266793,167.6157212002706,0.12417509012874009,0.036271215283526795,0.026595224965844978,Web/CloudOps,2
bizitobs_service/10S/medium,tabpfn-ts-1000cntx-run2-fixed,118415.64707186943,118415.64707186943,83.87595036206146,2.290091562596127,0.10893330064856208,0.10406069530269088,21.51671325022004,344.1157466200427,0.2589896200315742,0.06312701678846173,0.05024899190357285,Web/CloudOps,2
bizitobs_service/10S/long,tabpfn-ts-1000cntx-run2-fixed,156816.82631280835,156816.82631280835,104.95591695924284,2.659845773423351,0.21835843287658122,0.12109468502153119,33.54927699497497,396.00104332287856,0.29337023272873364,0.07775469863973411,0.06789838460765761,Web/CloudOps,2
