dataset,model,eval_metrics/MSE[mean],eval_metrics/MSE[0.5],eval_metrics/MAE[0.5],eval_metrics/MASE[0.5],eval_metrics/MAPE[0.5],eval_metrics/sMAPE[0.5],eval_metrics/MSIS,eval_metrics/RMSE[mean],eval_metrics/NRMSE[mean],eval_metrics/ND[0.5],eval_metrics/mean_weighted_sum_quantile_loss,domain,num_variates
m_dense/H/short,tabpfn-ts-1000cntx-run4,65014.08611111111,65014.08611111111,108.08775390625,0.9348444710480338,0.3133512491229255,0.24617265065511068,9.85716536299097,254.97859931984706,0.45226855082619083,0.19172076382738426,0.15518872865389796,Transport,1
m_dense/H/medium,tabpfn-ts-1000cntx-run4,59638.95333333333,59638.95333333333,104.30446831597222,0.9241828992054253,0.2969711183562992,0.23783543904622395,8.650367211825012,244.21087881855988,0.4248960763779482,0.18147659740036293,0.1448802410337609,Transport,1
m_dense/H/long,tabpfn-ts-1000cntx-run4,57712.58864197531,57712.58864197531,106.86656635802468,0.9606203750363871,0.3092523907473916,0.2459874885464892,8.8879448500275,240.23444516133674,0.4158813376828944,0.18500182411687685,0.14841112659749006,Transport,1
