dataset,model,eval_metrics/MSE[mean],eval_metrics/MSE[0.5],eval_metrics/MAE[0.5],eval_metrics/MASE[0.5],eval_metrics/MAPE[0.5],eval_metrics/sMAPE[0.5],eval_metrics/MSIS,eval_metrics/RMSE[mean],eval_metrics/NRMSE[mean],eval_metrics/ND[0.5],eval_metrics/mean_weighted_sum_quantile_loss,domain,num_variates
sz_taxi/15T/short,tabpfn-ts-3000cntx,17.223552922771674,17.223552922771674,2.799466050442613,0.5595519259816002,1191117439518.552,0.4050529070098467,4.366316767409433,4.150126856226406,0.3880546212309152,0.26176205583293854,0.2087750050177881,Transport,1
sz_taxi/15T/medium,tabpfn-ts-3000cntx,17.706815905448718,17.706815905448718,2.939507274138622,0.5726688016848829,9729236843339.705,0.426725821209769,6.450028291221823,4.207946756489288,0.3916196750441371,0.27357021134185416,0.2335052956147178,Transport,1
sz_taxi/15T/long,tabpfn-ts-3000cntx,18.282447471509972,18.282447471509972,3.034638824897614,0.5755797626542322,5760178755209.408,0.4325327990061877,7.4081108189177085,4.275797875427459,0.3957602042226334,0.2808807422786202,0.25080736501948553,Transport,1
