dataset,model,eval_metrics/MSE[mean],eval_metrics/MSE[0.5],eval_metrics/MAE[0.5],eval_metrics/MASE[0.5],eval_metrics/MAPE[0.5],eval_metrics/sMAPE[0.5],eval_metrics/MSIS,eval_metrics/RMSE[mean],eval_metrics/NRMSE[mean],eval_metrics/ND[0.5],eval_metrics/mean_weighted_sum_quantile_loss,domain,num_variates
sz_taxi/15T/short,tabpfn-ts-5000cntx-run4,17.224797771672772,17.224797771672772,2.7994608151315914,0.5595647491515294,1207009457645.787,0.405069567781665,4.367268708904308,4.150276830727412,0.3880686444885645,0.2617615663089539,0.20878142649541093,Transport,1
sz_taxi/15T/medium,tabpfn-ts-5000cntx-run4,17.700381443643163,17.700381443643163,2.939570813301282,0.5726542422900309,9754787195394.625,0.4267984113122663,6.4503107314079955,4.2071821262744455,0.39154851344120006,0.27357612472138904,0.23353192512709395,Transport,1
sz_taxi/15T/long,tabpfn-ts-5000cntx-run4,18.252051059472933,18.252051059472933,3.032877534610933,0.5751915266090696,5768847308504.762,0.43248800511373753,7.404577606719805,4.272241924267975,0.39543107174301584,0.280717720399696,0.2506779750998549,Transport,1
