dataset,model,eval_metrics/MSE[mean],eval_metrics/MSE[0.5],eval_metrics/MAE[0.5],eval_metrics/MASE[0.5],eval_metrics/MAPE[0.5],eval_metrics/sMAPE[0.5],eval_metrics/MSIS,eval_metrics/RMSE[mean],eval_metrics/NRMSE[mean],eval_metrics/ND[0.5],eval_metrics/mean_weighted_sum_quantile_loss,domain,num_variates
m_dense/H/short,tabpfn-ts-2000cntx-run2,64808.064722222225,64808.064722222225,105.42225911458333,0.9043265549669063,0.3025051048049517,0.23919965955946182,9.949294367646347,254.57428134480165,0.4515513914052255,0.18699283971972364,0.15184788498910248,Transport,1
m_dense/H/medium,tabpfn-ts-2000cntx-run2,71195.1888888889,71195.1888888889,115.47515625,0.995177553100564,0.3061881797354061,0.2500932142469618,8.797607225568083,266.8242659296356,0.4642405130533119,0.2009121831391018,0.1594204279919372,Transport,1
m_dense/H/long,tabpfn-ts-2000cntx-run2,76776.69135802469,76776.69135802469,124.78760030864197,1.0546185164786956,0.3395346871226663,0.2625709514853395,10.376157539267991,277.08607211122086,0.47967695159419776,0.2160257830959399,0.17510156596507429,Transport,1
