dataset,model,eval_metrics/MSE[mean],eval_metrics/MSE[0.5],eval_metrics/MAE[0.5],eval_metrics/MASE[0.5],eval_metrics/MAPE[0.5],eval_metrics/sMAPE[0.5],eval_metrics/MSIS,eval_metrics/RMSE[mean],eval_metrics/NRMSE[mean],eval_metrics/ND[0.5],eval_metrics/mean_weighted_sum_quantile_loss,domain,num_variates
bizitobs_application/10S/short,tabpfn-ts-3000cntx-run2,1498034.631111111,1498034.631111111,541.3826041666666,1.4497823280918667,0.020870208740234375,0.02102211634318034,11.59769239782642,1223.9422499085122,0.047202560341981926,0.020878963074594876,0.016188156485352285,Web/CloudOps,2
bizitobs_application/10S/medium,tabpfn-ts-3000cntx-run2,4387290.453333333,4387290.453333333,1174.6392708333333,2.511693738687794,0.03630535125732422,0.03702460606892904,18.72623660766771,2094.5859861398226,0.08224822694080658,0.04612462699568272,0.03755685697438424,Web/CloudOps,2
bizitobs_application/10S/long,tabpfn-ts-3000cntx-run2,5624387.697777778,5624387.697777778,1425.2647222222222,3.373162061902659,0.0470383792453342,0.04813343471950955,49.203031357111726,2371.5791569706835,0.09146232861155255,0.05496676339020191,0.04941183919277065,Web/CloudOps,2
