dataset,model,eval_metrics/MSE[mean],eval_metrics/MSE[0.5],eval_metrics/MAE[0.5],eval_metrics/MASE[0.5],eval_metrics/MAPE[0.5],eval_metrics/sMAPE[0.5],eval_metrics/MSIS,eval_metrics/RMSE[mean],eval_metrics/NRMSE[mean],eval_metrics/ND[0.5],eval_metrics/mean_weighted_sum_quantile_loss,domain,num_variates
bizitobs_service/10S/short,tabpfn-ts-3000cntx-run2-fixed,23303.90682109398,23303.90682109398,32.938952182234914,0.9104250461166836,0.0604321134316857,0.05121639371387667,11.09524197411708,152.65617190632673,0.11309257729188449,0.024402229854610304,0.01866397322962184,Web/CloudOps,2
bizitobs_service/10S/medium,tabpfn-ts-3000cntx-run2-fixed,95565.89047688975,95565.89047688975,61.27575873227347,1.284839301469335,0.07427127579780086,0.07212149394812013,14.738184552889535,309.13733271297036,0.23266404145494957,0.046117579991887536,0.03602311837259462,Web/CloudOps,2
bizitobs_service/10S/long,tabpfn-ts-3000cntx-run2-fixed,131442.15300485873,131442.15300485873,77.18998969677264,1.4668921514846616,0.08208388130046312,0.08047398176934359,23.439379819490732,362.54951800389796,0.2685882733540486,0.05718481206931314,0.052478958169830024,Web/CloudOps,2
