dataset,model,eval_metrics/MSE[mean],eval_metrics/MSE[0.5],eval_metrics/MAE[0.5],eval_metrics/MASE[0.5],eval_metrics/MAPE[0.5],eval_metrics/sMAPE[0.5],eval_metrics/MSIS,eval_metrics/RMSE[mean],eval_metrics/NRMSE[mean],eval_metrics/ND[0.5],eval_metrics/mean_weighted_sum_quantile_loss,domain,num_variates
bizitobs_service/10S/short,tabpfn-ts-6000cntx-run2-fixed,3505.593445247099,3505.593445247099,21.628370765124362,0.8125732562815318,0.054245361922306126,0.04450830221008607,7.390403231938792,59.20805219940189,0.04386321978368225,0.016022989191378963,0.013059360143602584,Web/CloudOps,2
bizitobs_service/10S/medium,tabpfn-ts-6000cntx-run2-fixed,72847.63428571429,72847.63428571429,52.68528273809524,1.130566041928779,0.06875646197606647,0.06508771623883929,9.901893898879443,269.90300903419785,0.20313536489316256,0.03965218532315953,0.03135434786209718,Web/CloudOps,2
bizitobs_service/10S/long,tabpfn-ts-6000cntx-run2-fixed,129220.72719576719,129220.72719576719,74.03549603174604,1.3199365599613266,0.07462629691633597,0.07279864598834325,16.789750816532113,359.4728462565249,0.2663089765648712,0.05484786231563377,0.04917143884250857,Web/CloudOps,2
