dataset,model,eval_metrics/MSE[mean],eval_metrics/MSE[0.5],eval_metrics/MAE[0.5],eval_metrics/MASE[0.5],eval_metrics/MAPE[0.5],eval_metrics/sMAPE[0.5],eval_metrics/MSIS,eval_metrics/RMSE[mean],eval_metrics/NRMSE[mean],eval_metrics/ND[0.5],eval_metrics/mean_weighted_sum_quantile_loss,domain,num_variates
bizitobs_service/10S/short,tabpfn-ts-2000cntx-run2-fixed,16393.603595996967,16393.603595996967,32.56101955221759,1.03385826865542,0.06437822895574763,0.054863842885670235,12.499616841861021,128.03750855119358,0.09485428365760076,0.02412224526808742,0.0194565500269292,Web/CloudOps,2
bizitobs_service/10S/medium,tabpfn-ts-2000cntx-run2-fixed,95056.47731227336,95056.47731227336,63.50445259630562,1.424822930888616,0.07949457023273329,0.07601525487689541,16.61805510161241,308.31230483435684,0.23204310603163253,0.0477949475133736,0.03571837300105651,Web/CloudOps,2
bizitobs_service/10S/long,tabpfn-ts-2000cntx-run2-fixed,136369.7255808405,136369.7255808405,82.11196947980494,1.6793202259501374,0.08663099050984065,0.08573153972399349,23.662371553443364,369.28271768502856,0.2735764429328134,0.060831172044322035,0.054965322061012484,Web/CloudOps,2
