dataset,model,eval_metrics/MSE[mean],eval_metrics/MSE[0.5],eval_metrics/MAE[0.5],eval_metrics/MASE[0.5],eval_metrics/MAPE[0.5],eval_metrics/sMAPE[0.5],eval_metrics/MSIS,eval_metrics/RMSE[mean],eval_metrics/NRMSE[mean],eval_metrics/ND[0.5],eval_metrics/mean_weighted_sum_quantile_loss,domain,num_variates
bizitobs_service/10S/short,tabpfn-ts-1000cntx,28071.569711457218,28071.569711457218,48.93515435227326,1.8380019047999991,0.09900564006987654,0.07916760366295322,15.907116270965913,167.54572424104776,0.1241232341413781,0.036252728315961394,0.026580354258664764,Web/CloudOps,2
bizitobs_service/10S/medium,tabpfn-ts-1000cntx,118364.15928646401,118364.15928646401,83.86967453969022,2.2904639230614747,0.10916750333206313,0.10417772018451416,21.545833976537665,344.04092676084923,0.258933308842407,0.0631222934566547,0.05023223189918542,Web/CloudOps,2
bizitobs_service/10S/long,tabpfn-ts-1000cntx,156840.08604538147,156840.08604538147,104.94928806590814,2.655634632285511,0.2228488787538097,0.12104855665044098,33.53099220465528,396.0304105057861,0.2933919888766768,0.07774978774363137,0.06789250152377624,Web/CloudOps,2
