dataset,model,eval_metrics/MSE[mean],eval_metrics/MSE[0.5],eval_metrics/MAE[0.5],eval_metrics/MASE[0.5],eval_metrics/MAPE[0.5],eval_metrics/sMAPE[0.5],eval_metrics/MSIS,eval_metrics/RMSE[mean],eval_metrics/NRMSE[mean],eval_metrics/ND[0.5],eval_metrics/mean_weighted_sum_quantile_loss,domain,num_variates
m_dense/H/short,tabpfn-ts-300cntx-run2,107956.5625,107956.5625,147.43264973958333,1.2455704178968576,0.4571870447792823,0.3202105882432726,11.457565356595357,328.5674398049813,0.5827968317563181,0.2615088129750996,0.20859462933295125,Transport,1
m_dense/H/medium,tabpfn-ts-300cntx-run2,94029.01777777777,94029.01777777777,137.5583550347222,1.1551013136715162,0.42974239804173053,0.30139493730333117,9.063979733665262,306.64151346120406,0.5335174933835067,0.23933415910878839,0.18717893403087946,Transport,1
m_dense/H/long,tabpfn-ts-300cntx-run2,101530.9274074074,101530.9274074074,147.4958487654321,1.2162091880892032,0.4470161252089848,0.3181057098765432,8.559916452361628,318.63918059053475,0.5516115250382924,0.2553371180641749,0.19659407307533802,Transport,1
